{
  "name": "bootstrap-datepicker",
  "main": [
    "dist/css/bootstrap-datepicker3.css",
    "dist/js/bootstrap-datepicker.js"
  ],
  "license": "Apache-2.0",
  "dependencies": {
    "jquery": ">=1.7.1 <4.0.0"
  },
  "ignore": [],
  "homepage": "https://github.com/eternicode/bootstrap-datepicker",
  "version": "1.8.0",
  "_release": "1.8.0",
  "_resolution": {
    "type": "version",
    "tag": "v1.8.0",
    "commit": "0d32bc5d91da11d9a3587537c3c36ce7ee815c94"
  },
  "_source": "https://github.com/eternicode/bootstrap-datepicker.git",
  "_target": "v1.8.0",
  "_originalSource": "bootstrap-datepicker",
  "_direct": true
}