{
  "name": "bootstrap-datepicker",
  "main": [
    "dist/css/bootstrap-datepicker3.css",
    "dist/js/bootstrap-datepicker.min.js"
  ],
  "license": "Apache-2.0",
  "dependencies": {
    "jquery": ">=1.7.1"
  },
  "ignore": [],
  "homepage": "https://github.com/eternicode/bootstrap-datepicker",
  "version": "1.6.0",
  "_release": "1.6.0",
  "_resolution": {
    "type": "version",
    "tag": "v1.6.0",
    "commit": "85f112cfd9bb1470ea77664699f84dec1454ea97"
  },
  "_source": "https://github.com/eternicode/bootstrap-datepicker.git",
  "_target": "1.6.0",
  "_originalSource": "bootstrap-datepicker",
  "_direct": true
}