{
  "name": "lightbox2",
  "homepage": "http://lokeshdhakar.com/projects/lightbox2/",
  "authors": [
    "Lokesh Dhakar <lokesh.dhakar@gmail.com>"
  ],
  "description": "The original Lightbox script. Uses jQuery.",
  "main": [
    "./dist/js/lightbox.js",
    "./dist/css/lightbox.css"
  ],
  "keywords": [
    "lightbox",
    "lightbox2",
    "overlay",
    "gallery",
    "slideshow",
    "images"
  ],
  "license": "MIT",
  "ignore": [
    "**/.*",
    "node_modules",
    "bower_components"
  ],
  "dependencies": {
    "jquery": ">2"
  },
  "version": "2.10.0",
  "_release": "2.10.0",
  "_resolution": {
    "type": "version",
    "tag": "v2.10.0",
    "commit": "351a2ccc87f71bfbbf20ef102a945a12e4c8f2ac"
  },
  "_source": "https://github.com/lokesh/lightbox2.git",
  "_target": "v2.10.0",
  "_originalSource": "lightbox2",
  "_direct": true
}