{
  "name": "datatables",
  "main": [
    "media/js/jquery.dataTables.js",
    "media/css/jquery.dataTables.css",
    "media/images/sort_asc.png",
    "media/images/sort_asc_disabled.png",
    "media/images/sort_both.png",
    "media/images/sort_desc.png",
    "media/images/sort_desc_disabled.png"
  ],
  "dependencies": {
    "jquery": ">=1.7.0"
  },
  "license": "MIT",
  "keywords": [
    "jquery",
    "datatables",
    "table",
    "javascript",
    "library"
  ],
  "ignore": [
    "/.*",
    "examples",
    "media/unit_testing",
    "composer.json",
    "dataTables.jquery.json",
    "package.json"
  ],
  "homepage": "https://github.com/DataTables/DataTables",
  "version": "1.10.16",
  "_release": "1.10.16",
  "_resolution": {
    "type": "version",
    "tag": "1.10.16",
    "commit": "e6f02439d2f6877e200b6774435a8f896eef3736"
  },
  "_source": "https://github.com/DataTables/DataTables.git",
  "_target": "1.10.16",
  "_originalSource": "datatables",
  "_direct": true
}